<?xml version="1.0" encoding="UTF-8"?>
<!DOCTYPE mapper PUBLIC "-//mybatis.org//DTD Mapper 3.0//EN" "http://mybatis.org/dtd/mybatis-3-mapper.dtd">
<mapper namespace="com.example.demo.mapper.UserMapper">

    <!-- 添加用户 -->
    <insert id="addUser" parameterType="com.example.demo.entity.User">
    	insert into user(id, username, password) values(#{id}, #{username}, #{password})
    </insert>

    <!-- 删除用户 -->
    <delete id="delUser" parameterType="String">
    	delete from user WHERE username = #{username}
    </delete>

    <!-- 修改用户 -->
    <update id="updateUser" parameterType="com.example.demo.entity.User">
  		update user set username = #{username}, password = #{password},
  		where id = #{id}
  	</update>

    <!-- 根据主键查询用户 -->
    <select id="getUser" resultType="com.example.demo.entity.User" parameterType="int">
        select * from user where id=#{id}
    </select>

    <!-- 查询全部数据 -->
    <select id="getUsers" resultType="com.example.demo.entity.User">
    	select * from user
    </select>



</mapper>